Book Name,Author,Average Rating,Number of Ratings,Score on Goodreads
To Kill a Mockingbird,Harper Lee,4.26,6129090,17358.0
1984,George Orwell,4.19,4604557,15474.0
Pride and Prejudice,Jane Austen,4.29,4273146,15135.0
"Harry Potter and the Sorcerer's Stone (Harry Potter, #1)",J.K. Rowling,4.47,10063128,12440.0
The Great Gatsby,F. Scott Fitzgerald,3.93,5244056,10828.0
Jane Eyre,Charlotte Brontë,4.15,2095866,10613.0
Lord of the Flies,William Golding,3.69,2906413,10098.0
Alice’s Adventures in Wonderland / Through the Looking-Glass,Lewis Carroll,4.06,564072,9225.0
The Lord of the Rings,J.R.R. Tolkien,4.53,676596,9201.0
"The Hobbit (The Lord of the Rings, #0)",J.R.R. Tolkien,4.29,3977772,9013.0
Brave New World,Aldous Huxley,3.99,1856972,8210.0
Animal Farm,George Orwell,3.99,3888446,8113.0
Fahrenheit 451,Ray Bradbury,3.97,2419826,7773.0
"The Hitchhiker’s Guide to the Galaxy (Hitchhiker's Guide to the Galaxy, #1)",Douglas Adams,4.23,1842386,7746.0
Wuthering Heights,Emily Brontë,3.89,1807130,7546.0
Crime and Punishment,Fyodor Dostoevsky,4.27,905025,7116.0
The Little Prince,Antoine de Saint-Exupéry,4.32,2113912,7014.0
The Picture of Dorian Gray,Oscar Wilde,4.12,1537021,6870.0
"The Handmaid’s Tale (The Handmaid's Tale, #1)",Margaret Atwood (Goodreads Author),4.14,2049156,6708.0
"The Chronicles of Narnia (The Chronicles of Narnia, #1-7)",C.S. Lewis,4.27,651321,6600.0
The Adventures of Huckleberry Finn,Mark Twain,3.83,1266004,6432.0
The Catcher in the Rye,J.D. Salinger,3.8,3526525,6348.0
Little Women,Louisa May Alcott,4.15,2235594,6028.0
Great Expectations,Charles Dickens,3.79,803182,5961.0
Frankenstein,Mary Wollstonecraft Shelley,3.87,1599207,5798.0
The Count of Monte Cristo,Alexandre Dumas,4.3,914346,5708.0
One Flew Over the Cuckoo’s Nest,Ken Kesey,4.2,732776,5566.0
The Grapes of Wrath,John Steinbeck,4.01,907084,5524.0
Gone with the Wind,Margaret Mitchell,4.31,1208289,5495.0
The Curious Incident of the Dog in the Night-Time,Mark Haddon,3.89,1479800,5349.0
Anna Karenina,Leo Tolstoy,4.09,848706,4854.0
Of Mice and Men,John Steinbeck,3.88,2549244,4851.0
Sense and Sensibility,Jane Austen,4.08,1190719,4828.0
The Old Man and the Sea,Ernest Hemingway,3.8,1149486,4715.0
Lolita,Vladimir Nabokov,3.88,850827,4645.0
Catch-22,Joseph Heller,3.99,831569,4638.0
One Hundred Years of Solitude,Gabriel García Márquez,4.11,972089,4525.0
Rebecca,Daphne du Maurier,4.24,629596,4393.0
The Name of the Rose,Umberto Eco,4.14,364882,4259.0
Madame Bovary,Gustave Flaubert,3.7,334816,4185.0
"Dune (Dune, #1)",Frank Herbert,4.27,1361916,4157.0
And Then There Were None,Agatha Christie,4.28,1357769,4055.0
The Master and Margarita,Mikhail Bulgakov,4.29,353922,3807.0
Slaughterhouse-Five,Kurt Vonnegut Jr.,4.1,1370369,3800.0
Don Quixote,Miguel de Cervantes Saavedra,3.9,271020,3781.0
A Tale of Two Cities,Charles Dickens,3.87,947673,3732.0
A Clockwork Orange,Anthony Burgess,4.0,712494,3721.0
Emma,Jane Austen,4.05,887050,3680.0
"The Godfather (The Godfather, #1)",Mario Puzo,4.39,420834,3613.0
The Trial,Franz Kafka,3.96,326079,3571.0
War and Peace,Leo Tolstoy,4.16,328398,3439.0
One Day in the Life of Ivan Denisovich,Aleksandr Solzhenitsyn,3.98,114475,3365.0
The Remains of the Day,Kazuo Ishiguro (Goodreads Author),4.14,304034,3351.0
The Scarlet Letter,Nathaniel Hawthorne,3.43,865701,3237.0
"The Hound of the Baskervilles (Sherlock Holmes, #5)",Arthur Conan Doyle,4.13,346116,3150.0
The Color Purple,Alice Walker,4.27,686113,3134.0
Candide,Voltaire,3.76,276769,3036.0
Gulliver’s Travels,Jonathan Swift,3.58,274147,3029.0
The Time Traveler’s Wife,Audrey Niffenegger (Goodreads Author),3.99,1785739,2978.0
The Kite Runner,Khaled Hosseini (Goodreads Author),4.34,3151633,2956.0
Love in the Time of Cholera,Gabriel García Márquez,3.94,505037,2862.0
The Unbearable Lightness of Being,Milan Kundera,4.11,470131,2823.0
Alice in Wonderland,Jane Carruth (Adapted By),4.03,389832,2807.0
The Adventures of Tom Sawyer,Mark Twain,3.92,936827,2803.0
Bell Jar,Sylvia Plath,4.05,961979,2768.0
Perfume: The Story of a Murderer,Patrick Süskind,4.04,469049,2763.0
The Stranger,Albert Camus,4.02,1096346,2717.0
Atonement,Ian McEwan (Goodreads Author),3.94,519986,2635.0
The Brothers Karamazov,Fyodor Dostoevsky,4.37,332657,2530.0
Mrs. Dalloway,Virginia Woolf,3.79,306853,2498.0
"The Shining (The Shining, #1)",Stephen King (Goodreads Author),4.27,1490369,2477.0
The Wind in the Willows,Kenneth Grahame,4.01,218489,2432.0
Robinson Crusoe,Daniel Defoe,3.68,304848,2310.0
Dr. Jekyll and Mr. Hyde,Robert Louis Stevenson,3.83,581223,2295.0
The Road,Cormac McCarthy,3.99,905396,2274.0
All Quiet on the Western Front,Erich Maria Remarque,4.07,460441,2274.0
The Man Without Qualities,Robert Musil,4.19,6739,2241.0
"A Study in Scarlet (Sherlock Holmes, #1)",Arthur Conan Doyle,4.14,444935,2183.0
The Plague,Albert Camus,4.02,264045,2139.0
A Confederacy of Dunces,John Kennedy Toole,3.89,275633,2093.0
Bleak House,Charles Dickens,4.02,108685,2075.0
The Time Machine,H.G. Wells,3.9,519424,2037.0
A Farewell to Arms,Ernest Hemingway,3.82,322040,2016.0
"The Mysterious Affair at Styles (Hercule Poirot, #1)",Agatha Christie,4.0,423970,1984.0
Vanity Fair,William Makepeace Thackeray,3.8,128207,1959.0
Persuasion,Jane Austen,4.15,702858,1909.0
Les Misérables,Victor Hugo,4.2,798061,1887.0
Heart of Darkness,Joseph Conrad,3.43,513416,1880.0
Do Androids Dream of Electric Sheep?,Philip K. Dick,4.09,452292,1853.0
A Room with a View,E.M. Forster,3.9,184101,1818.0
The Left Hand of Darkness,Ursula K. Le Guin,4.1,182272,1815.0
The Woman in White,Wilkie Collins,4.01,154495,1795.0
His Dark Materials (His Dark Materials #1-3),Philip Pullman,4.29,161377,1793.0
Dracula,Bram Stoker,4.01,1276133,1778.0
"Bridget Jones’s Diary (Bridget Jones, #1)",Helen Fielding (Goodreads Author),3.8,983414,1755.0
"Three Men in a Boat (Three Men, #1)",Jerome K. Jerome,3.84,72705,1697.0
"Things Fall Apart (The African Trilogy, #1)",Chinua Achebe,3.73,372248,1690.0
"The Murder of Roger Ackroyd (Hercule Poirot, #4)",Agatha Christie,4.27,274742,1687.0
Jonathan Strange & Mr. Norrell,Susanna Clarke,3.86,236504,1576.0
The Prime of Miss Jean Brodie,Muriel Spark,3.71,54774,1566.0
The Three Musketeers,Alexandre Dumas,4.09,322705,1546.0
The War of the Worlds,H.G. Wells,3.83,314362,1503.0
"Moby-Dick or, The Whale",Herman Melville,3.54,561178,1501.0
Invisible Man,Ralph Ellison,3.91,187981,1495.0
A Tree Grows in Brooklyn,Betty  Smith,4.29,465960,1487.0
Flowers for Algernon,Daniel Keyes,4.21,672225,1464.0
Treasure Island,Robert Louis Stevenson,3.84,489666,1456.0
The Scarlet Pimpernel,Emmuska Orczy,4.07,135482,1425.0
"A Wizard of Earthsea (Earthsea Cycle, #1)",Ursula K. Le Guin,4.01,317620,1391.0
The Heart Is a Lonely Hunter,Carson McCullers,3.99,110269,1390.0
A Prayer for Owen Meany,John Irving (Goodreads Author),4.24,321041,1373.0
North and South,Elizabeth Gaskell,4.15,170075,1325.0
Beloved,Toni Morrison,3.95,435894,1306.0
Stranger in a Strange Land,Robert A. Heinlein,3.92,312809,1276.0
Tess of the D’Urbervilles,Thomas Hardy,3.83,283730,1260.0
"The Sign of Four (Sherlock Holmes, #2)",Arthur Conan Doyle,3.9,157105,1247.0
Les Liaisons dangereuses,Pierre Choderlos de Laclos,4.06,53359,1245.0
The God of Small Things,Arundhati Roy (Goodreads Author),3.95,298251,1230.0
The Blind Assassin,Margaret Atwood (Goodreads Author),3.96,155551,1227.0
Breakfast at Tiffany’s and Three Stories,Truman Capote,3.85,264966,1201.0
Fathers and Sons,Ivan Turgenev,3.99,89534,1197.0
A Passage to India,E.M. Forster,3.68,80396,1181.0
I Capture the Castle,Dodie Smith,4.0,104443,1166.0
Possession,A.S. Byatt,3.89,80243,1165.0
"Tinker, Tailor, Soldier, Spy",John le Carré,4.06,94614,1152.0
Middlemarch,George Eliot,4.02,163041,1140.0
Black Beauty,Anna Sewell,3.99,278536,1125.0
Schindler's Ark,Thomas Keneally,4.34,160251,1120.0
"American Gods (American Gods, #1)",Neil Gaiman (Goodreads Author),4.11,925922,1113.0
The Wind-Up Bird Chronicle,Haruki Murakami,4.15,283709,1104.0
Foucault’s Pendulum,Umberto Eco,3.91,70097,1097.0
The End of the Affair,Graham Greene,3.9,64576,1093.0
For Whom the Bell Tolls,Ernest Hemingway,3.98,293747,1086.0
"The Sword in the Stone (The Once and Future King, #1)",T.H. White,3.89,26602,1078.0
The Thin Man,Dashiell Hammett,3.91,35303,1075.0
"The Big Sleep (Philip Marlowe, #1)",Raymond Chandler,3.95,155485,1072.0
Jude the Obscure,Thomas Hardy,3.83,71846,1065.0
"Through the Looking-Glass and What Alice Found There (Alice's Adventures in Wonderland, #2)",Lewis Carroll,4.02,135450,1052.0
"A Canticle for Leibowitz (St. Leibowitz, #1)",Walter M. Miller Jr.,3.98,109633,1051.0
"The Daughter of Time (Inspector Alan Grant, #5)",Josephine Tey,3.91,34152,1036.0
To the Lighthouse,Virginia Woolf,3.8,183573,1027.0
Childhood’s End,Arthur C. Clarke,4.12,159538,1027.0
The Leopard,Giuseppe Tomasi di Lampedusa,4.01,37270,1016.0
"My Family and Other Animals (Corfu Trilogy, #1)",Gerald Durrell,4.17,55854,1007.0
Fight Club,Chuck Palahniuk (Goodreads Author),4.19,592100,992.0
A Thousand Splendid Suns,Khaled Hosseini (Goodreads Author),4.43,1530997,975.0
Hunger,Knut Hamsun,4.05,56030,975.0
A Portrait of the Artist as a Young Man,James Joyce,3.64,151992,970.0
Memoirs of a Geisha,Arthur Golden,4.15,2001971,965.0
Our Man in Havana,Graham Greene,3.94,36115,954.0
Cold Comfort Farm,Stella Gibbons,3.89,50600,942.0
Their Eyes Were Watching God,Zora Neale Hurston,3.98,347535,931.0
The Tin Drum,Günter Grass,3.95,44089,928.0
If on a Winter's Night a Traveler,Italo Calvino,4.03,98040,923.0
The Complete Maus,Art Spiegelman,4.57,220493,917.0
My Name Is Red,Orhan Pamuk,3.87,56481,908.0
Portnoy’s Complaint,Philip Roth,3.71,68434,906.0
"Zen and the Art of Motorcycle Maintenance: An Inquiry Into Values (Phaedrus, #1)",Robert M. Pirsig,3.78,230493,904.0
"Cry, the Beloved Country",Alan Paton,3.92,74823,891.0
The Wasp Factory,Iain Banks,3.77,96941,891.0
Snow Crash,Neal Stephenson (Goodreads Author),4.02,280235,890.0
Brighton Rock,Graham Greene,3.7,32124,884.0
Dead Souls,Nikolai Gogol,3.98,85069,879.0
"Foundation (Foundation, #1)",Isaac Asimov,4.17,539593,875.0
"The Code of the Woosters (Jeeves, #7)",P.G. Wodehouse,4.32,28684,865.0
"The Commitments (The Barrytown Trilogy, #1; Jimmy Rabbitte, #1)",Roddy Doyle,3.93,16382,856.0
"The Giver (The Giver, #1)",Lois Lowry (Goodreads Author),4.12,2481009,851.0
We,Yevgeny Zamyatin,3.89,97326,841.0
A Connecticut Yankee in King Arthur's Court,Mark Twain,3.77,103530,836.0
The Magus,John Fowles,4.05,58639,832.0
Suite Francaise,Irène Némirovsky,3.85,74194,830.0
High Fidelity,Nick Hornby,3.91,201637,821.0
A Fine Balance,Rohinton Mistry,4.37,149546,821.0
The House of Mirth,Edith Wharton,3.97,97978,820.0
Cloud Atlas,David Mitchell,4.01,248920,819.0
The Mayor of Casterbridge,Thomas Hardy,3.86,62448,816.0
The Thorn Birds,Colleen McCullough,4.24,350084,804.0
The Turn of the Screw,Henry James,3.39,156165,797.0
American Psycho,Bret Easton Ellis,3.81,314447,789.0
Uncle Tom’s Cabin,Harriet Beecher Stowe,3.91,227457,783.0
Fatherland,Robert   Harris (Goodreads Author),4.01,47813,769.0
"Regeneration (Regeneration, #1)",Pat Barker,4.02,31091,765.0
Tintin in Tibet (Tintin #20),Hergé,4.23,17986,762.0
My Cousin Rachel,Daphne du Maurier,4.0,59200,754.0
"The 39 Steps (Richard Hannay, #1)",John Buchan,3.6,41189,753.0
"Trainspotting (Mark Renton, #2)",Irvine Welsh,4.1,167256,745.0
Fingersmith,Sarah Waters,4.02,106299,743.0
The Shipping News,Annie Proulx,3.88,146141,742.0
Howards End,E.M. Forster,3.96,89699,732.0
Oliver Twist,Charles Dickens,3.88,389006,732.0
The Island of Dr. Moreau,H.G. Wells,3.73,121069,730.0
The Magic Mountain,Thomas Mann,4.13,49514,716.0
Solaris,Stanisław Lem,3.99,107762,715.0
"The Forever War (The Forever War, #1)",Joe Haldeman,4.14,166396,712.0
House of Leaves,Mark Z. Danielewski (Goodreads Author),4.09,170302,711.0
Death in Venice and Other Tales,Thomas Mann,3.9,16772,708.0
Peter Pan,J.M. Barrie,4.04,347522,708.0
"The Earthsea Trilogy (Earthsea Cycle, #1-3)",Ursula K. Le Guin,4.28,20729,705.0
The Haunting of Hill House,Shirley Jackson,3.82,303821,702.0
Lady Chatterley's Lover,D.H. Lawrence,3.5,125708,699.0
A Handful of Dust,Evelyn Waugh,3.9,26381,697.0
"The Long Goodbye (Philip Marlowe, #6)",Raymond Chandler,4.19,42511,693.0
The Idiot,Fyodor Dostoevsky,4.21,182963,689.0
The Moonstone,Wilkie Collins,3.91,93166,679.0
"The History of Tom Jones, a Foundling",Henry Fielding,3.75,33364,664.0
White Teeth,Zadie Smith,3.79,157634,658.0
"The Life and Opinions of Tristram Shandy, Gentleman",Laurence Sterne,3.73,21804,656.0
The Man in the High Castle,Philip K. Dick,3.6,212974,650.0
East of Eden,John Steinbeck,4.41,539453,644.0
Native Son,Richard Wright,4.03,99150,643.0
"The Spy Who Came In from the Cold (George Smiley, #3)",John le Carré,4.08,110160,635.0
"Notes from Underground, White Nights, The Dream of a Ridiculous Man, and Selections from The House of the Dead",Fyodor Dostoevsky,4.19,76718,632.0
Empire of the Sun,J.G. Ballard,3.98,20667,626.0
The Constant Gardener,John le Carré,3.82,28357,624.0
Oblomov,Ivan Goncharov,4.12,38695,622.0
Naked Lunch,William S. Burroughs,3.46,91302,619.0
The Amazing Adventures of Kavalier & Clay,Michael Chabon,4.18,202747,616.0
The Red Badge of Courage,Stephen Crane,3.29,104373,609.0
Scoop,Evelyn Waugh,3.8,20778,596.0
Orlando,Virginia Woolf,3.87,93305,590.0
Lucky Jim,Kingsley Amis,3.75,29860,578.0
"Jurassic Park (Jurassic Park, #1)",Michael Crichton,4.1,959063,574.0
"Murder Must Advertise  (Lord Peter Wimsey, #10)",Dorothy L. Sayers,4.17,23222,573.0
The Sound and the Fury,William Faulkner,3.85,182173,571.0
Disgrace,J.M. Coetzee,3.85,106413,568.0
Northanger Abbey,Jane Austen,3.85,401445,565.0
A History of the World in 10½  Chapters,Julian Barnes,3.88,15405,560.0
"Asterix the Gaul (Asterix, #1)",René Goscinny,4.18,30475,555.0
Misery,Stephen King (Goodreads Author),4.21,699059,555.0
"Neuromancer (Sprawl, #1)",William Gibson,3.9,327237,547.0
Germinal,Émile Zola,4.19,37829,543.0
The Third Man,Graham Greene,3.8,14946,534.0
I Am Legend and Other Stories,Richard Matheson,4.0,131370,531.0
The Beach,Alex Garland,3.97,87553,530.0
The English Patient,Michael Ondaatje,3.87,132071,529.0
Mansfield Park,Jane Austen,3.86,349910,526.0
The Day of the Triffids,John Wyndham,4.01,107675,525.0
Blindness,José Saramago,4.17,290071,519.0
The Uncommon Reader,Alan Bennett,3.74,53723,516.0
Molloy,Samuel Beckett,4.04,8599,514.0
The Witches of Eastwick,John Updike,3.23,17311,506.0
"Titus Groan (Gormenghast, #1)",Mervyn Peake,3.92,20745,498.0
Miss Smilla's Feeling for Snow,Peter Høeg,3.74,49205,498.0
Barchester Towers (Chronicles of Barsetshire #2),Anthony Trollope,4.05,16667,491.0
The Maltese Falcon,Dashiell Hammett,3.88,107081,488.0
"Lonesome Dove (Lonesome Dove, #1)",Larry McMurtry,4.53,191091,483.0
The Pickwick Papers,Charles Dickens,3.85,29784,482.0
Notes from Underground,Fyodor Dostoevsky,4.18,161266,479.0
The Bonfire of the Vanities,Tom Wolfe,3.9,80910,478.0
The Age of Innocence,Edith Wharton,3.97,174692,475.0
Ivanhoe,Walter Scott,3.76,94820,466.0
Carrie's War,Nina Bawden,3.92,8756,464.0
The Stars My Destination,Alfred Bester,4.07,51344,461.0
The Andromeda Strain,Michael Crichton,3.91,255876,459.0
"Dissolution (Matthew Shardlake, #1)",C.J. Sansom,4.06,53961,457.0
Travels with My Aunt,Graham Greene,3.81,15222,456.0
Flaubert's Parrot,Julian Barnes,3.65,15411,450.0
Far From the Madding Crowd,Thomas Hardy,3.96,153419,448.0
Kindred,Octavia E. Butler,4.3,218331,443.0
"Thank You, Jeeves (Jeeves, #5)",P.G. Wodehouse,4.18,18238,442.0
The Reader,Bernhard Schlink,3.78,210955,442.0
Enduring Love,Ian McEwan (Goodreads Author),3.64,44597,438.0
The Jungle,Upton Sinclair,3.77,145571,434.0
"Ringworld (Ringworld, #1)",Larry Niven,3.95,121697,433.0
The French Lieutenant's Woman,John Fowles,3.88,52983,429.0
"The Secret Diary of Adrian Mole, Aged 13 3/4  (Adrian Mole, #1)",Sue Townsend,3.88,48992,424.0
The Mill on the Floss,George Eliot,3.82,55356,423.0
Little Dorrit,Charles Dickens,4.0,47848,422.0
Palace Walk (The Cairo Trilogy #1),Naguib Mahfouz,4.19,19939,418.0
"Casino Royale (James Bond, #1)",Ian Fleming,3.74,85038,416.0
My Name Is Asher Lev,Chaim Potok,4.23,41407,413.0
Le Grand Meaulnes,Alain-Fournier,3.72,13359,411.0
"The Murder at the Vicarage (Miss Marple, #1)",Agatha Christie,4.05,188998,411.0
Of Human Bondage,W. Somerset Maugham,4.14,57123,409.0
True History of the Kelly Gang,Peter Carey,3.83,22803,407.0
Cat’s Eye,Margaret Atwood (Goodreads Author),3.94,68325,407.0
A Kestrel for a Knave,Barry Hines,4.05,6848,400.0
The Power and the Glory,Graham Greene,3.98,39550,398.0
"Gorky Park (Arkady Renko, #1)",Martin Cruz Smith,4.04,67609,398.0
Journey to the Center of the Earth,Jules Verne,3.85,200541,395.0
Midnight’s Children,Salman Rushdie,3.98,123843,393.0
Zorba the Greek,Nikos Kazantzakis,4.05,51560,387.0
The Postman Always Rings Twice,James M. Cain,3.77,43329,384.0
"Tales of the City (Tales of the City, #1)",Armistead Maupin,4.0,44325,383.0
Sister Carrie,Theodore Dreiser,3.77,40158,372.0
The Third Policeman,Flann O'Brien,3.98,20423,370.0
Wide Sargasso Sea,Jean Rhys,3.59,92995,370.0
Silas Marner,George Eliot,3.68,87035,368.0
Only Forward,Michael Marshall Smith (Goodreads Author),4.22,5822,368.0
"Love Story (Love Story, #1)",Erich Segal,3.64,60626,368.0
The Far Pavilions,M.M. Kaye,4.2,44010,368.0
Vurt,Jeff Noon,4.04,9740,363.0
The Glass Bead Game,Hermann Hesse,4.11,38710,356.0
"Devil in a Blue Dress (Easy Rawlins, #1)",Walter Mosley,3.87,27033,352.0
Père Goriot,Honoré de Balzac,3.85,59505,349.0
A High Wind in Jamaica,Richard Hughes,3.77,9902,348.0
Journey to the End of the Night,Louis-Ferdinand Céline,4.19,42112,346.0
"Red Dragon (Hannibal Lecter, #1)",Thomas  Harris,4.06,333572,343.0
"The Prisoner of Zenda (The Ruritania Trilogy, #2)",Anthony Hope,3.84,21338,342.0
Cakes and Ale,W. Somerset Maugham,3.78,7302,339.0
Everything Is Illuminated,Jonathan Safran Foer (Goodreads Author),3.89,179626,336.0
The Fall,Albert Camus,4.04,106704,335.0
The Man Who Was Thursday: A Nightmare,G.K. Chesterton,3.83,40961,334.0
The Night Watch,Sarah Waters,3.7,31300,331.0
Bonjour tristesse,Françoise Sagan,3.71,51297,323.0
The Day of the Jackal,Frederick Forsyth,4.27,134294,317.0
Babbitt,Sinclair Lewis,3.69,23609,308.0
Unless,Carol Shields,3.63,16380,307.0
The Sirens of Titan,Kurt Vonnegut Jr.,4.15,141589,307.0
"Consider Phlebas (Culture, #1)",Iain M. Banks,3.85,91273,306.0
"A Dance to the Music of Time, Complete Set: 1st Movement, 2nd Movement, 3rd Movement, 4th Movement",Anthony Powell,4.41,150,305.0
A Town Like Alice,Nevil Shute,4.15,58031,305.0
Jacques the Fatalist,Denis Diderot,3.8,8804,300.0
The Golden Notebook,Doris Lessing,3.77,23028,297.0
McTeague: A Story of San Francisco,Frank Norris,3.68,6441,295.0
The Crying of Lot 49,Thomas Pynchon,3.69,86863,293.0
"The Talented Mr. Ripley (Ripley, #1)",Patricia Highsmith,3.94,90889,292.0
How Green Was My Valley,Richard Llewellyn,4.2,17434,291.0
Steppenwolf,Hermann Hesse,4.13,185683,290.0
"The Ipcress File (Secret File, #1)",Len Deighton,3.93,16899,289.0
Lake Wobegon Days,Garrison Keillor,3.64,8027,288.0
"A Time to Kill (Jake Brigance, #1)",John Grisham (Goodreads Author),4.11,801386,287.0
Excellent Women,Barbara Pym,3.92,17602,287.0
Oranges Are Not the Only Fruit,Jeanette Winterson,3.73,79788,283.0
The Call of the Wild,Jack London,3.9,430632,280.0
The Passion of New Eve,Angela Carter,3.66,4686,278.0
"Master & Commander (Aubrey & Maturin, #1)",Patrick O'Brian,4.07,57797,278.0
Riddley Walker,Russell Hoban,4.02,8145,274.0
The Crab with the Golden Claws (Tintin #9),Hergé,4.09,14367,273.0
The Piano Teacher,Elfriede Jelinek,3.58,12962,271.0
They Were Counted,Miklós Bánffy,4.19,1335,268.0
The Return of the Soldier,Rebecca West,3.69,8227,264.0
"The Siege of Krishnapur (Empire Trilogy, #2)",J.G. Farrell,3.92,7762,261.0
"The Laughing Policeman (Martin Beck, #4)",Maj Sjöwall,3.99,10003,260.0
"You Only Live Twice (James Bond, #12)",Ian Fleming,3.75,14765,260.0
Doctor Zhivago,Boris Pasternak,4.01,96804,259.0
Pnin,Vladimir Nabokov,3.89,24929,258.0
Monkey: The Journey to the West,Wu Cheng'en,4.04,6922,258.0
The New York Trilogy: City of Glass / Ghosts / The Locked Room,Paul Auster,3.87,74794,258.0
"Goldfinger (James Bond, #7)",Ian Fleming,3.83,24762,257.0
Kidnapped,Robert Louis Stevenson,3.79,64696,256.0
Decline and Fall,Evelyn Waugh,3.83,14346,255.0
The Girls of Slender Means,Muriel Spark,3.65,7348,254.0
Invisible Cities,Italo Calvino,4.12,83930,254.0
The Little World of Don Camillo,Giovannino Guareschi,4.21,3896,251.0
Girlfriend in a Coma,Douglas Coupland (Goodreads Author),3.62,19541,251.0
The Midwich Cuckoos,John Wyndham,3.91,25667,249.0
The Caine Mutiny,Herman Wouk,4.28,25197,247.0
Effi Briest,Theodor Fontane,3.26,14090,245.0
The Children of Men,P.D. James,3.67,48027,242.0
Weaveworld,Clive Barker (Goodreads Author),4.13,32341,241.0
The Baron in the Trees,Italo Calvino,4.03,45096,240.0
American Pastoral,Philip Roth,3.94,80075,240.0
Around the World in Eighty Days,Jules Verne,3.94,248021,240.0
The Machine-Gunners,Robert Westall,3.94,2410,238.0
A Bend in the River,V.S. Naipaul,3.77,17690,237.0
Waiting for the Barbarians,J.M. Coetzee,3.93,32170,236.0
The Satanic Verses,Salman Rushdie,3.71,65752,236.0
Dombey and Son,Charles Dickens,3.96,15795,235.0
Cold Mountain,Charles Frazier,3.88,242799,235.0
The Good Companions,J.B. Priestley,4.13,718,234.0
Voss,Patrick White,3.77,3253,234.0
Under the Skin,Michel Faber,3.75,26352,233.0
Oscar and Lucinda,Peter Carey,3.73,21158,233.0
The Life and Loves of a She Devil,Fay Weldon,3.76,5802,233.0
Hard Times,Charles Dickens,3.54,68473,232.0
Birdsong,Sebastian Faulks,4.1,78741,230.0
Lolly Willowes,Sylvia Townsend Warner,3.71,9572,229.0
We Need to Talk About Kevin,Lionel Shriver (Goodreads Author),4.08,195261,227.0
The Secret Agent,Joseph Conrad,3.59,22751,225.0
"Postmortem (Kay Scarpetta, #1)",Patricia Cornwell (Goodreads Author),4.03,243668,225.0
The Ragged Trousered Philanthropists,Robert Tressell,4.04,9677,224.0
Zuleika Dobson,Max Beerbohm,3.53,4724,224.0
Elmer Gantry,Sinclair Lewis,4.01,5892,223.0
Middlesex,Jeffrey Eugenides,4.03,639347,223.0
The House of the Seven Gables,Nathaniel Hawthorne,3.45,39924,222.0
Call It Sleep,Henry Roth,3.81,8604,222.0
"The L-Shaped Room (Jane Graham, #1)",Lynne Reid Banks,3.97,3251,222.0
Buddenbrooks: The Decline of a Family,Thomas Mann,4.19,30375,220.0
The Horse's Mouth,Joyce Cary,3.97,1525,217.0
Sons and Lovers,D.H. Lawrence,3.64,53154,217.0
Deliverance,James Dickey,3.89,32581,216.0
Cranford,Elizabeth Gaskell,3.84,44069,214.0
Microserfs,Douglas Coupland (Goodreads Author),3.89,24173,214.0
Pale Fire,Vladimir Nabokov,4.17,50807,212.0
"The Scar (New Crobuzon, #2)",China Miéville (Goodreads Author),4.18,32526,210.0
Remembering Babylon,David Malouf,3.48,3444,207.0
Passing,Nella Larsen,3.93,65388,207.0
South Riding,Winifred Holtby,3.98,3159,206.0
The Drowned World,J.G. Ballard,3.48,18422,205.0
Breakfast of Champions,Kurt Vonnegut Jr.,4.07,260708,203.0
The Monk,Matthew Gregory Lewis,3.83,28812,201.0
"A Suitable Boy (A Bridge of Leaves, #1)",Vikram Seth,4.12,48145,200.0
The Things They Carried,Tim O'Brien,4.14,313843,199.0
Joseph Andrews / Shamela,Henry Fielding,3.28,2647,198.0
Air,Geoff Ryman,3.59,2467,197.0
Finnegans Wake,James Joyce,3.68,12884,196.0
"Memed, My Hawk (İnce Memed, #1)",Yaşar Kemal,4.48,10629,195.0
The Sheltering Sky,Paul Bowles,3.89,28349,195.0
Love in a Cold Climate,Nancy Mitford,3.82,9081,195.0
"An Infamous Army (Alastair-Audley, #4)",Georgette Heyer,3.7,4634,193.0
Behind the Scenes at the Museum,Kate Atkinson,3.97,40165,193.0
Martin Chuzzlewit,Charles Dickens,3.83,16344,192.0
Queen Lucia,E.F. Benson,3.93,5062,192.0
Fair Stood the Wind for France,H.E. Bates,3.99,1975,192.0
Tender is the Night,F. Scott Fitzgerald,3.79,136662,190.0
The Private Memoirs and Confessions of a Justified Sinner,James Hogg,3.67,8809,189.0
Shame,Salman Rushdie,3.86,12341,188.0
"Sunset Song (A Scots Quair, #1)",Lewis Grassic Gibbon,4.01,4972,188.0
The Fountain Overflows,Rebecca West,3.71,3089,188.0
An American Tragedy,Theodore Dreiser,3.96,36851,188.0
The First Discworld Novels: The Colour of Magic and the Light Fantastic,Terry Pratchett,4.14,7459,185.0
U.S.A.: The 42nd Parallel / 1919 / The Big Money,John Dos Passos,4.11,4879,185.0
Go Tell It on the Mountain,James Baldwin,4.04,68629,185.0
"A Princess of Mars (Barsoom, #1)",Edgar Rice Burroughs,3.81,57606,184.0
On Beauty,Zadie Smith,3.77,82372,184.0
Uncle Silas,J. Sheridan Le Fanu,3.73,6576,183.0
The Day of the Locust,Nathanael West,3.71,22617,183.0
The Way of All Flesh,Samuel Butler,3.61,9221,183.0
Piccadilly Jim,P.G. Wodehouse,4.03,5065,182.0
The Female Man,Joanna Russ,3.48,7840,181.0
Infinite Jest,David Foster Wallace,4.26,91966,180.0
The Secret History,Donna Tartt,4.17,744015,180.0
"The Mask of Dimitrios (Charles Latimer, #1)",Eric Ambler,3.92,10255,179.0
Underworld,Don DeLillo,3.94,31416,178.0
Nights at the Circus,Angela Carter,3.88,13349,177.0
"Gilead (Gilead, #1)",Marilynne Robinson,3.85,110426,177.0
The Balkan Trilogy,Olivia Manning,4.16,2620,176.0
The Castle of Otranto,Horace Walpole,3.18,35020,175.0
Ali and Nino,Kurban Said,3.92,8324,175.0
Berlin Alexanderplatz,Alfred Döblin,3.85,9816,174.0
Dolores Claiborne,Stephen King (Goodreads Author),3.92,153508,174.0
The Recognitions,William Gaddis,4.2,5687,174.0
"Herland (The Herland Trilogy, #2)",Charlotte Perkins Gilman,3.48,22156,173.0
The Professor's House,Willa Cather,3.77,9249,173.0
Billy Liar,Keith Waterhouse,3.73,2147,172.0
"Rabbit Redux (Rabbit Angstrom, #2)",John Updike,3.81,15687,172.0
Cider with Rosie,Laurie Lee,3.91,13753,172.0
Eugénie Grandet,Honoré de Balzac,3.79,23259,172.0
Spies,Michael Frayn,3.54,6034,172.0
Regency Buck,Georgette Heyer,3.96,11577,171.0
Double Indemnity,James M. Cain,4.06,26233,170.0
"Whose Body?  (Lord Peter Wimsey, #1)",Dorothy L. Sayers,3.84,56140,169.0
Pig Tales,Marie Darrieussecq,3.45,3104,169.0
Lost Souls,Poppy Z. Brite (Goodreads Author),3.9,18120,168.0
Victory An Island Tale,Joseph Conrad,3.84,3901,168.0
The Adventures of Augie March,Saul Bellow,3.84,18128,167.0
Darkness at Noon,Arthur Koestler,4.11,30659,167.0
Fun Home: A Family Tragicomic,Alison Bechdel,4.08,181063,165.0
"King Solomon's Mines (Allan Quatermain, #1)",H. Rider Haggard,3.79,49639,165.0
Death in Venice,Thomas Mann,3.7,56629,165.0
Music & Silence,Rose Tremain,3.95,4540,165.0
The Accidental Tourist,Anne Tyler (Goodreads Author),3.9,104890,164.0
Pamela: Virtue Rewarded (Forgotten Books),T.W. Holderness,2.77,12572,163.0
Malone Dies,Samuel Beckett,3.85,5089,163.0
Any Human Heart,William  Boyd,4.28,22772,163.0
Narcissus and Goldmund,Hermann Hesse,4.22,62763,163.0
The Red and the Black,Stendhal,3.87,75098,161.0
Affinity,Sarah Waters,3.75,26823,160.0
The Snow Goose,Paul Gallico,4.16,4966,160.0
The Line of Beauty,Alan Hollinghurst,3.75,27952,159.0
A Dry White Season,André P. Brink,4.06,4131,159.0
Crash,J.G. Ballard,3.59,25775,158.0
As I Lay Dying,William Faulkner,3.72,168511,156.0
Valley of the Dolls,Jacqueline Susann,3.83,67872,156.0
The Holy Terrors,Jean Cocteau,3.72,7097,156.0
A Far Cry from Kensington,Muriel Spark,3.83,6109,155.0
"The Human Stain (The American Trilogy, #3)",Philip Roth,3.91,41219,154.0
On the Road,Jack Kerouac,3.61,411475,154.0
Before Lunch,Angela Thirkell,3.93,745,153.0
"Rabbit, Run (Rabbit Angstrom, #1)",John Updike,3.58,60249,151.0
Family Matters,Rohinton Mistry,4.03,23676,151.0
"The Pursuit of Love & Love in a Cold Climate (Radlett and Montdore, #1-2)",Nancy Mitford,4.1,5897,150.0
I Served the King of England,Bohumil Hrabal,4.07,9094,150.0
The Grass Is Singing,Doris Lessing,3.83,13709,150.0
The African Queen,C.S. Forester,4.01,8700,150.0
The Loved One,Evelyn Waugh,3.76,12483,149.0
"Porterhouse Blue (Porterhouse Blue, #1)",Tom Sharpe,3.82,4560,149.0
Light Years,James Salter,4.01,6947,149.0
Pudd'nhead Wilson,Mark Twain,3.75,18416,148.0
The Rector's Daughter,F.M. Mayor,3.74,755,148.0
At Swim-Two-Birds,Flann O'Brien,3.86,13385,148.0
"Sidetracked (Kurt Wallander, #5)",Henning Mankell,4.08,23522,147.0
The Riddle of the Sands,Erskine Childers,3.63,6942,147.0
Strangers on a Train,Patricia Highsmith,3.73,31987,146.0
The Gathering,Anne Enright,3.12,23870,146.0
Martin Eden,Jack London,4.47,43123,146.0
Less Than Angels,Barbara Pym,3.93,2994,145.0
The Go-Between,L.P. Hartley,3.99,12003,144.0
Main Street,Sinclair Lewis,3.78,25881,144.0
"Something Fresh (Blandings Castle, #1)",P.G. Wodehouse,4.11,11660,144.0
A Voyage to Arcturus,David  Lindsay,3.55,3484,143.0
The Passion,Jeanette Winterson,4.11,23850,143.0
July's People,Nadine Gordimer,3.51,7687,142.0
"Darwin's Radio (Darwin's Radio, #1)",Greg Bear,3.73,15808,141.0
The Hearing Trumpet,Leonora Carrington,4.0,8257,141.0
The Diary of a Nobody,George Grossmith,3.69,16464,140.0
The Weather in the Streets,Rosamond Lehmann,3.96,926,140.0
Swann's Way,Marcel Proust,4.14,58121,139.0
Goodbye to Berlin,Christopher Isherwood,3.93,16265,139.0
Green Mansions,William Henry Hudson,3.69,3165,139.0
"Revelation Space (Revelation Space, #1)",Alastair Reynolds,3.99,55672,138.0
Moll Flanders,Daniel Defoe,3.52,46357,138.0
"Flashman (The Flashman Papers, #1)",George MacDonald Fraser,4.05,14686,138.0
"If Not Now, When?",Primo Levi,4.23,3769,138.0
The Blue Flower,Penelope Fitzgerald,3.44,6054,137.0
Lord Jim,Joseph Conrad,3.62,31112,137.0
La Disparition,Georges Perec,3.76,3466,137.0
The Ministry of Fear,Graham Greene,3.79,6648,136.0
G.,John Berger,3.7,4265,135.0
Absolute Beginners,Colin MacInnes,3.6,2100,135.0
The Posthumous Memoirs of Brás Cubas,Machado de Assis,4.25,30624,135.0
Confessions of Zeno,Italo Svevo,3.78,26996,134.0
Gentlemen Prefer Blondes,Anita Loos,3.62,5801,133.0
"Hyperion (Hyperion Cantos, #1)",Dan Simmons,4.26,252955,133.0
Money,Martin Amis,3.69,23592,133.0
The Pledge,Friedrich Dürrenmatt,3.9,8774,133.0
The Guns of Navarone,Alistair MacLean,4.13,18676,133.0
News from Nowhere,William Morris,3.3,2380,132.0
Star Maker,Olaf Stapledon,3.91,8153,132.0
Life and Fate,Vasily Grossman,4.45,13054,132.0
"Blacklist (V.I. Warshawski, #11)",Sara Paretsky (Goodreads Author),3.85,4723,131.0
The Information,Martin Amis,3.6,6077,130.0
The Unfortunates,B.S. Johnson,3.86,1099,130.0
In the Country of Last Things,Paul Auster,3.9,13921,130.0
"How Late It Was, How Late",James Kelman,3.59,4408,129.0
The Famished Road,Ben Okri,3.73,12821,129.0
"The Space Merchants (The Space Merchants, #1)",Frederik Pohl,3.84,10616,129.0
Dom Casmurro,Machado de Assis,4.32,31941,129.0
The Years of Rice and Salt,Kim Stanley Robinson,3.76,14245,129.0
"Cryptonomicon (Crypto, #1)",Neal Stephenson (Goodreads Author),4.24,112241,129.0
Silence of the Grave (Inspector Erlendur #4),Arnaldur Indriðason,3.96,20136,128.0
"Cop Hater (87th Precinct, #1)",Ed McBain,3.82,7900,128.0
Chéri,Colette,3.66,5081,128.0
The Good Soldier Švejk,Jaroslav Hašek,4.1,19126,128.0
No Country for Old Men,Cormac McCarthy,4.16,200502,128.0
The History Man,Malcolm Bradbury,3.61,1841,127.0
A Kind of Loving,Stan Barstow,4.09,1454,126.0
Austerlitz,W.G. Sebald,4.0,22003,126.0
Gravity’s Rainbow,Thomas Pynchon,4.0,44150,125.0
The Secret Adversary,Agatha Christie,3.85,62649,124.0
The Diary of a Provincial Lady,E.M. Delafield,3.91,5950,124.0
Red Harvest (The Continental Op #1),Dashiell Hammett,3.95,27603,124.0
The Prestige,Christopher Priest,3.91,22541,123.0
Saturday Night and Sunday Morning,Alan Sillitoe,3.81,4901,122.0
The Virginian,Owen Wister,3.91,9179,122.0
Charade,John Mortimer,3.12,104,122.0
White Noise,Don DeLillo,3.86,115213,122.0
God's Bits of Wood,Ousmane Sembène,3.97,2844,122.0
The Rings of Saturn,W.G. Sebald,4.23,15046,122.0
Non-Stop,Brian W. Aldiss,3.88,6867,121.0
Villette,Charlotte Brontë,3.77,73183,121.0
Nightmare Abbey,Thomas Love Peacock,3.45,1917,120.0
My Ántonia,Willa Cather,3.83,137979,120.0
Gargantua and Pantagruel,François Rabelais,3.66,15310,119.0
Lorna Doone: A Romance of Exmoor,R.D. Blackmore,3.73,15822,119.0
Loitering with Intent,Muriel Spark,3.78,4502,118.0
The Glass Key,Dashiell Hammett,3.93,12731,118.0
The Awakening,Kate Chopin,3.68,208803,118.0
"Exit Music (Inspector Rebus, #17)",Ian Rankin (Goodreads Author),4.12,17085,117.0
Nostromo,Joseph Conrad,3.81,16941,115.0
Norwegian Wood,Haruki Murakami,4.01,603018,113.0
Moo,Jane Smiley (Goodreads Author),3.47,8304,112.0
"Cover Her Face (Adam Dalgliesh, #1)",P.D. James,3.91,39062,112.0
Hideous Kinky,Esther Freud,3.51,3780,112.0
"The Radetzky March (Von Trotta Family, #1)",Joseph Roth,4.1,11970,111.0
"The Man of Property (The Forsyte Chronicles, #1)",John Galsworthy,4.01,4623,109.0
The Mysterious Stranger,Mark Twain,4.13,10528,109.0
Lark Rise to Candleford,Flora Thompson,4.02,4537,108.0
Alberta and Jacob,Cora Sandel,3.97,759,108.0
Lady Audley's Secret,Mary Elizabeth Braddon,3.78,24612,107.0
The Swiss Family Robinson,Johann David Wyss,3.91,106035,106.0
Auto-da-Fé,Elias Canetti,4.02,6063,105.0
Invitation to the Waltz,Rosamond Lehmann,3.87,1386,105.0
The Vicar of Wakefield,Oliver Goldsmith,3.46,10164,104.0
"The Tin Roof Blowdown (Dave Robicheaux, #16)",James Lee Burke,4.18,14393,104.0
"The Three Coffins (Dr. Gideon Fell, #6)",John Dickson Carr,3.83,3429,104.0
The Savage Detectives,Roberto Bolaño,4.17,44124,103.0
Under the Volcano,Malcolm Lowry,3.77,25013,103.0
Rogue Male,Geoffrey Household,3.93,4692,102.0
"Dance Hall of the Dead (Navajo Mysteries, #2)",Tony Hillerman,4.04,16148,100.0
La Débâcle,Émile Zola,4.04,1636,100.0
The Epic of Gilgamesh,Anonymous,3.71,94634,100.0
"Augustus Carp, Esq. by Himself, Being the Autobiography of a Really Good Man",Henry Howarth Bashford,3.8,594,100.0
King Solomon's Carpet,Barbara Vine,3.73,1987,100.0
The Portrait of a Lady,Henry James,3.79,80575,100.0
The Wings of the Dove,Henry James,3.79,17058,100.0
Breathing Lessons,Anne Tyler (Goodreads Author),3.67,29997,100.0
Enigma,Robert   Harris (Goodreads Author),3.89,16093,100.0
A Modern Declaration of Independence: Crimes Against Humanity and a New System,Jakub Lasak (Goodreads Author),4.52,25,100.0
The Ascent of Rum Doodle,W.E. Bowman,3.78,3007,99.0
The Adventures of Gil Blas,Alain-René Le Sage,3.77,344,99.0
The Face of Another,Kōbō Abe,3.75,4721,99.0
Quarantine,Jim Crace,3.69,3945,98.0
"Julie, or the New Heloise",Jean-Jacques Rousseau,3.44,1600,98.0
No Bed for Bacon,Caryl Brahms,3.81,237,98.0
La condition humaine,André Malraux,3.74,5798,98.0
The Group,Mary McCarthy,3.68,15961,97.0
Illywhacker,Peter Carey,3.77,2998,97.0
Epileptic,David B.,3.89,13584,97.0
Moon Over Africa,Ida Pollock,2.71,21,97.0
Solomon Gursky Was Here,Mordecai Richler,3.98,3041,96.0
"Heavy Weather (Blandings Castle, #5)",P.G. Wodehouse,4.24,3686,96.0
"Scaramouche (Scaramouche, #1)",Rafael Sabatini,4.09,8724,96.0
Silver Stallion: A Novel of Korea,Ahn Junghyo,3.72,99,96.0
A Good Man in Africa,William  Boyd,3.85,5045,96.0
A Season in Sinji,J.L. Carr,3.74,78,96.0
Room Temperature,Nicholson Baker (Goodreads Author),3.69,1102,96.0
The Book of Laughter and Forgetting,Milan Kundera,3.96,49482,96.0
The Member of the Wedding,Carson McCullers,3.81,18264,95.0
The Time Ships,Stephen Baxter,3.95,6128,95.0
"Topper Takes a Trip (Topper, #2)",Thorne Smith,3.76,294,95.0
DEATH OF HERO,Richard Aldington,4.02,668,95.0
London Fields,Martin Amis,3.68,12522,95.0
The Harpole Report,J.L. Carr,4.01,278,95.0
"L.A. Confidential (L.A. Quartet, #3)",James Ellroy,4.18,34557,95.0
Women in Love,D.H. Lawrence,3.66,32186,95.0
The Victorian Chaise Longue,Marghanita Laski,3.58,1419,94.0
Darkness Falls from the Air,Nigel Balchin,3.85,192,94.0
Poetic Justice (A Kate Fansler Mystery #3),Amanda Cross,3.73,943,94.0
Untouchable,Mulk Raj Anand,3.73,5927,94.0
A Thousand Acres,Jane Smiley (Goodreads Author),3.82,68748,94.0
The Echoing Grove,Rosamond Lehmann,3.61,342,94.0
Vathek,William Beckford,3.25,6632,93.0
One of Ours,Willa Cather,3.94,9017,93.0
A Long Long Way (Dunne Family #3),Sebastian Barry,4.13,7985,93.0
The Sorrows of Young Werther,Johann Wolfgang von Goethe,3.69,131456,93.0
Mister Johnson,Joyce Cary,3.5,452,93.0
"The Bourne Identity (Jason Bourne, #1)",Robert Ludlum,4.05,432270,93.0
The Crow Road,Iain Banks,4.08,22698,93.0
"The Earthsea Quartet (Earthsea Cycle, #1-4)",Ursula K. Le Guin,4.29,11561,93.0
Death and the Penguin,Andrey Kurkov,3.8,17294,92.0
La Comedie Humaine: Scenes from Political Life,Honoré de Balzac,4.13,15,92.0
Slouching Towards Kalamazoo,Peter De Vries,3.74,525,92.0
Ballet Shoes,Noel Streatfeild,4.07,36488,92.0
Zami: A New Spelling of My Name,Audre Lorde,4.39,21251,92.0
Camp Concentration,Thomas M. Disch,3.73,2883,91.0
Greenmantle (Richard Hannay #2),John Buchan,3.74,4769,91.0
Bouvard and Pécuchet,Gustave Flaubert,3.83,4129,91.0
A Fairy Tale of New York,J.P. Donleavy,3.72,1175,91.0
A Legacy,Sybille Bedford,3.68,822,91.0
Foreign Affairs,Alison Lurie,3.75,12237,91.0
I Am Legend,Richard Matheson,4.06,132153,91.0
"Wieland, or, The Transformation (Carwin, #1)",Charles Brockden Brown,3.19,2045,90.0
Humboldt's Gift,Saul Bellow,3.85,9483,90.0
Vile Bodies,Evelyn Waugh,3.73,15848,90.0
Ennui,Maria Edgeworth,3.35,191,90.0
Extinction,Thomas Bernhard,4.31,2873,90.0
Samarkand,Amin Maalouf (Goodreads Author),4.24,28466,90.0
Rogue Moon,Algis Budrys,3.49,3023,89.0
The Mysteries of Udolpho,Ann Radcliffe,3.41,15596,89.0
"Joy in the Morning (Jeeves, #8)",P.G. Wodehouse,4.28,11989,89.0
Clayhanger,Arnold Bennett,4.01,499,89.0
Kaas,Willem Elsschot,3.58,7286,89.0
Two Serious Ladies,Jane Bowles,3.6,3796,89.0
The Coming Race,Edward Bulwer-Lytton,3.25,1564,88.0
The Last September,Elizabeth Bowen,3.45,3251,88.0
Caprice,Ronald Firbank,3.01,78,88.0
The Silent Duchess,Dacia Maraini,3.68,3252,88.0
Adam Bede,George Eliot,3.82,25368,88.0
The End of the World News,Anthony Burgess,3.81,766,87.0
Room at the Top,John Braine,3.69,2419,87.0
Towards the End of the Morning,Michael Frayn,3.63,1273,87.0
The Death of Virgil,Hermann Broch,4.15,1525,87.0
"So Long, See You Tomorrow",William Maxwell,3.91,12291,87.0
Tales of the South Pacific,James A. Michener,4.05,16003,87.0
Under the Net,Iris Murdoch,3.77,15073,86.0
Black Mischief,Evelyn Waugh,3.7,3413,86.0
Shirley,Charlotte Brontë,3.75,34690,86.0
The Polyglots,William Gerhardie,3.37,260,86.0
Evelina,Frances Burney,3.69,17373,86.0
The Egoist,George Meredith,3.66,1708,86.0
Malice Aforethought,Francis Iles,3.94,1781,85.0
The Moviegoer,Walker Percy,3.65,28767,85.0
The Kingdom of This World,Alejo Carpentier,3.78,6845,85.0
The Corrections,Jonathan Franzen,3.83,182864,85.0
Brewster's Millions,George Barr McCutcheon,3.63,922,85.0
"Tropic of Cancer (Tropic, #1)",Henry Miller,3.66,72390,85.0
"What a Carve Up! (The Winshaw Legacy, #1)",Jonathan Coe (Goodreads Author),4.11,11873,84.0
Squire Haggard's Journal,Michael Frederick Green,3.75,32,84.0
The Sound of My Voice,Ron Butlin (Goodreads Author),3.91,476,84.0
Patience & Sarah,Isabel Miller,3.9,4954,84.0
Beyond Black,Hilary Mantel,3.43,9030,83.0
"The Beast Must Die (Nigel Strangeways, #4)",Nicholas Blake,3.79,1750,83.0
Mr. Blandings Builds His Dream House,Eric Hodgins,3.76,807,83.0
L'isola di Arturo,Elsa Morante,4.01,11697,83.0
Count Belisarius,Robert Graves,4.02,2576,83.0
The Rainbow,D.H. Lawrence,3.7,20633,82.0
The Mark of Zorro,Johnston McCulley,3.99,6751,82.0
The Four Just Men,Edgar Wallace,3.54,1331,82.0
The Lecturer's Tale,James Hynes,3.47,941,82.0
The Wapshot Chronicle,John Cheever,3.76,7305,82.0
The Painter of Signs,R.K. Narayan,3.67,2453,82.0
A Lost Lady,Willa Cather,3.72,7167,81.0
Play It As It Lays,Joan Didion,3.92,67275,81.0
Mr. Norris Changes Trains,Christopher Isherwood,3.75,5009,81.0
Delta of Venus,Anaïs Nin,3.62,22612,81.0
"Blood Meridian, or, the Evening Redness in the West",Cormac McCarthy,4.16,164899,81.0
The Einstein Intersection,Samuel R. Delany,3.55,5814,80.0
Herzog,Saul Bellow,3.76,21517,80.0
The Madman of Bergerac,Georges Simenon,3.74,2102,80.0
The Book of Daniel,E.L. Doctorow,3.86,5623,80.0
The Mighty Walzer,Howard Jacobson,3.48,462,80.0
The Vagabond,Colette,3.93,3657,80.0
All Souls' Day,Cees Nooteboom,3.67,1087,80.0
Burmese Days,George Orwell,3.87,28289,79.0
Amongst Women,John McGahern,3.95,4505,79.0
Pictures from an Institution,Randall Jarrell,3.48,473,79.0
Manservant and Maidservant,Ivy Compton-Burnett,3.45,438,79.0
Manon Lescaut,Antoine François Prévost d'Exiles,3.42,13060,79.0
The Castle,Franz Kafka,3.94,62789,78.0
The Mandarins,Simone de Beauvoir,4.18,5722,78.0
"Clarissa, or, The History of a Young Lady",Samuel Richardson,3.38,8351,78.0
Melmoth the Wanderer,Charles Robert Maturin,3.73,5154,77.0
Strait is the Gate,André Gide,3.59,5096,77.0
Sentimental Education,Gustave Flaubert,3.81,22304,77.0
The Debt to Pleasure,John Lanchester,3.74,2986,77.0
Roxana,Daniel Defoe,3.42,5281,77.0
"Erewhon (Erewhon, #1)",Samuel Butler,3.29,4032,76.0
The Immoralist,André Gide,3.56,12139,76.0
"The Remorseful Day (Inspector Morse, #13)",Colin Dexter,4.24,5662,76.0
My New York Diary,Julie Doucet,3.83,2955,76.0
The Family Moskat,Isaac Bashevis Singer,4.22,1718,76.0
Vineland,Thomas Pynchon,3.73,11946,75.0
"Nice Work (The Campus Trilogy, #3)",David Lodge,3.85,5638,75.0
Kim,Rudyard Kipling,3.7,37684,75.0
The Millstone,Margaret Drabble,3.88,3470,75.0
Earthly Powers,Anthony Burgess,4.13,3210,74.0
"Hello Summer, Goodbye",Michael G. Coney,4.01,269,74.0
The League of Frightened Men (Nero Wolfe #2),Rex Stout,4.08,7140,74.0
Vendetta,Michael Dibdin,3.82,2446,74.0
"England, their England",A.G. Macdonell,3.67,530,74.0
A Sport and a Pastime,James Salter,3.66,10013,74.0
Confederates,Thomas Keneally,4.07,1152,74.0
"The Castle of Otranto, The Mysteries of Udolpho, Northanger Abbey","Holt, Rinehart and Winston, Inc. (Editor)",3.67,81,73.0
The Counterfeiters,André Gide,3.84,9413,73.0
Memoirs of a Gnostic Dwarf,David Madsen,3.67,603,73.0
"The Sportswriter (Frank Bascombe, #1)",Richard Ford,3.69,19067,73.0
The Reluctant Orphan,Sara Seale,2.93,43,73.0
The Odd Women,George Gissing,3.83,5377,72.0
"Black and Blue (Inspector Rebus, #8)",Ian Rankin (Goodreads Author),4.09,17453,72.0
"Bright Lights, Big City",Jay McInerney (Goodreads Author),3.79,33911,72.0
Enemies: A Love Story,Isaac Bashevis Singer,3.96,3350,72.0
The Good Soldier,Ford Madox Ford,3.68,26723,71.0
New Grub Street,George Gissing,3.77,6213,71.0
Puckoon,Spike Milligan,3.74,3534,71.0
Les caves du Vatican,André Gide,3.63,3194,71.0
By Grand Central Station I Sat Down and Wept,Elizabeth Smart,3.53,5993,71.0
The Restraint of Beasts,Magnus Mills,3.88,3432,70.0
The Shrimp and the Anemone,L.P. Hartley,3.77,359,70.0
Waterland,Graham Swift,3.9,9300,70.0
Blott on the Landscape,Tom Sharpe,3.92,3896,69.0
Mother,Maxim Gorky,3.97,17070,69.0
Titmuss Regained,John Mortimer,3.73,520,69.0
Diary of a Mad Old Man,Jun'ichirō Tanizaki,3.47,3409,69.0
She,H. Rider Haggard,3.57,13077,68.0
Lanark,Alasdair Gray,4.1,6838,68.0
The Sacred Book of the Werewolf,Victor Pelevin,3.82,5418,68.0
First Love,Ivan Turgenev,3.77,19240,68.0
The Blackwater Lightship,Colm Tóibín,3.9,6994,67.0
Red Shift,Alan Garner,3.59,1626,67.0
L'Institut Benjamenta,Robert Walser,3.9,5273,67.0
V.,Thomas Pynchon,3.96,23405,67.0
Penrod,Booth Tarkington,3.93,1508,67.0
Love on the Dole,Walter Greenwood,3.93,1199,67.0
Three Paradoxes,Paul Hornschemeier,3.3,791,67.0
The Castafiore Emerald (Tintin #21),Hergé,3.95,11080,66.0
"The Black Dahlia (L.A. Quartet, #1)",James Ellroy,3.77,91105,66.0
Just William,Richmal Crompton,4.08,5363,66.0
Les revenentes,Georges Perec,3.49,73,66.0
The Ambassadors,Henry James,3.64,12454,66.0
La Vie mode d'emploi,Georges Perec,4.19,9002,65.0
No Orchids for Miss Blandish (Blandish's Orchids and Dave Fenner #1),James Hadley Chase,3.76,2688,65.0
Washington Square,Henry James,3.7,23379,65.0
Daniel Deronda,George Eliot,3.86,25782,65.0
"The Graduate (The Graduate, #1)",Charles Webb,3.37,10822,65.0
"Ada, or Ardor: A Family Chronicle",Vladimir Nabokov,4.13,11782,64.0
The Way We Live Now,Anthony Trollope,4.08,13305,64.0
Chronicle in Stone,Ismail Kadare,4.09,3984,64.0
My Search for Warren Harding,Robert Plunket,3.77,720,64.0
Ulysses,James Joyce,3.75,128047,64.0
East Lynne,Mrs. Henry Wood,3.73,5128,64.0
"Light (Kefahuchi Tract, #1)",M. John Harrison,3.61,6098,63.0
"Bold as Love (Bold as Love, #1)",Gwyneth Jones,3.36,288,63.0
The Old Wives' Tale,Arnold Bennett,3.84,4543,63.0
A Girl in Winter,Philip Larkin,3.76,1457,63.0
A Time to Be Born,Dawn Powell,3.97,911,63.0
Good Behaviour,Molly Keane,3.88,3243,63.0
Revolutionary Road,Richard Yates,3.92,88345,63.0
Whisky Galore,Compton Mackenzie,3.81,1615,62.0
Journey Into Fear,Eric Ambler,3.92,3858,62.0
Zazie in the Metro,Raymond Queneau,3.67,8548,62.0
The Buddha of Suburbia,Hanif Kureishi,3.74,18956,62.0
The Influence,Ramsey Campbell,3.56,733,62.0
Captain Blood,Rafael Sabatini,4.18,16598,61.0
"Darkmans (Thames Gateway, #3)",Nicola Barker,3.65,2347,61.0
"Alms for Oblivion, Vol. I",Simon Raven,4.28,133,61.0
Atomised,Michel Houellebecq,3.8,44015,61.0
A Gun for Sale,Graham Greene,3.64,3707,60.0
The Unconsoled,Kazuo Ishiguro (Goodreads Author),3.58,15643,60.0
"Independence Day (Frank Bascombe, #2)",Richard Ford,3.86,16135,60.0
Hurrah for St. Trinian's and Other Lapses,Ronald Searle,3.6,43,60.0
Great Apes,Will Self,3.66,3520,59.0
Tono-Bungay,H.G. Wells,3.43,1368,58.0
The Westminster Alice,Saki,3.1,101,58.0
Office Politics,Wilfrid Sheed,3.31,16,58.0
The Assistant,Bernard Malamud,3.9,10650,58.0
Joseph Andrews,Henry Fielding,3.28,5802,58.0
How the Dead Live,Will Self,3.58,2876,57.0
Friday the Rabbi Slept Late,Harry Kemelman,3.87,8154,57.0
The Belles Lettres Papers: A Novel,Charles Simmons,3.78,54,57.0
The Chateau,William Maxwell,3.63,734,57.0
"After London: or, Wild England",Richard Jefferies,3.08,827,56.0
The Child in Time,Ian McEwan (Goodreads Author),3.58,13944,56.0
The Adventures of Ferdinand Count Fathom,Tobias Smollett,3.28,67,56.0
The Ordeal of Richard Feverel,George Meredith,3.52,307,56.0
The Book of the New Sun,Gene Wolfe,4.22,4206,56.0
Williwaw,Gore Vidal,3.43,458,55.0
"Last Seen Wearing (Inspector Morse, #2)",Colin Dexter,3.85,7688,55.0
Of Love and Hunger,Julian Maclaren-Ross,4.03,564,55.0
Roderick Random,Tobias Smollett,3.48,1230,55.0
Oeuvres complètes: 101 titres La Comédie humaine,Honoré de Balzac,4.33,156,55.0
Ruth,Elizabeth Gaskell,3.83,8125,54.0
Put Out More Flags,Evelyn Waugh,3.8,2382,54.0
The Betrothed,Alessandro Manzoni,3.85,15132,54.0
The Expedition of Humphry Clinker,Tobias Smollett,3.43,3431,54.0
Sour Sweet,Timothy Mo,3.71,841,54.0
The Ship,C.S. Forester,4.06,1527,54.0
The Butcher Boy,Patrick McCabe,3.83,9364,53.0
Bel-Ami,Guy de Maupassant,3.85,42110,53.0
White Man Falling,Mike Stocks,3.43,246,53.0
The Lonely Passion of Judith Hearne,Brian Moore,3.98,3227,53.0
The Time of Indifference,Alberto Moravia,3.75,8133,52.0
"Handley Cross: or, Mr.Jorrocks's Hunt",Robert Smith Surtees,3.9,20,52.0
The Bluest Eye,Toni Morrison,4.11,253080,52.0
To the Ends of the Earth: A Sea Trilogy,William Golding,4.08,375,52.0
"Changing Places (The Campus Trilogy, #1)",David Lodge,3.82,8243,51.0
A Tale of a Tub,Jonathan Swift,3.46,1952,51.0
Song of Solomon,Toni Morrison,4.14,113043,51.0
The Virgin Suicides,Jeffrey Eugenides,3.8,338611,51.0
When the Wind Blows,Raymond Briggs,4.26,3438,50.0
The Blue Room,Georges Simenon,3.86,10487,50.0
Personality,Andrew O'Hagan,3.45,265,50.0
Tropic Of Ruislip,Leslie Thomas,3.73,366,50.0
Who Do You Think You Are?,Alice Munro,3.91,6589,50.0
The Ragazzi,Pier Paolo Pasolini,3.62,4856,49.0
Venus on the Half-Shell,Philip José Farmer,3.76,2885,49.0
A House for Mr Biswas,V.S. Naipaul,3.81,21106,49.0
De Niro's Game,Rawi Hage,3.78,3894,49.0
The Memoirs of a Survivor,Doris Lessing,3.59,3341,48.0
"Trent's Last Case (Philip Trent, #1)",E.C. Bentley,3.76,3841,48.0
The Moon and the Bonfire,Cesare Pavese,3.77,15277,48.0
The Slaves of Solitude,Patrick Hamilton,4.08,2642,48.0
Oroonoko,Aphra Behn,3.01,14873,47.0
"The Magnificent Ambersons (The Growth Trilogy, #2)",Booth Tarkington,3.79,11536,47.0
GB84,David Peace,3.74,1313,47.0
Molesworth,Geoffrey Willans,4.28,1202,47.0
Teach Us to Outgrow Our Madness,Kenzaburō Ōe,3.83,2544,47.0
Covenant With Death,John  Harris,4.57,603,47.0
Sanctuary,William Faulkner,3.63,13531,46.0
Afternoon Men,Anthony Powell,3.45,369,46.0
Novel on Yellow Paper,Stevie Smith,3.59,513,46.0
The Wimbledon Poisoner,Nigel Williams,3.51,1017,46.0
In Search of Lost Time,Marcel Proust,4.35,12651,46.0
The Night Sessions,Ken MacLeod,3.56,1045,45.0
Smallbone Deceased,Michael    Gilbert,4.05,2168,45.0
Anglo-Saxon Attitudes,Angus Wilson,3.66,616,45.0
Married Man,Piers Paul Read,3.89,171,45.0
From Here to Eternity,James  Jones,4.08,17581,45.0
Being Dead,Jim Crace,3.72,5146,44.0
The Map of Love,Ahdaf Soueif,3.81,6898,44.0
Pointed Roofs,Dorothy M. Richardson,3.34,302,44.0
Andersonville,MacKinlay Kantor,4.1,8122,44.0
"The History of Rasselas, Prince of Abissinia",Samuel Johnson,3.46,6481,43.0
The Towers of Trebizond,Rose Macaulay,3.67,1684,43.0
Anthills of the Savannah,Chinua Achebe,3.85,4218,43.0
The Man with the Golden Arm,Nelson Algren,3.87,3045,43.0
"Bones and Silence (Dalziel & Pascoe, #11)",Reginald Hill,4.03,2982,43.0
Fortunes of Richard Mahony,Henry Handel Richardson,4.14,351,43.0
To Each His Own,Leonardo Sciascia,3.82,6095,42.0
Day,A.L. Kennedy,3.4,706,42.0
Under Western Eyes,Joseph Conrad,3.7,3227,41.0
The Home and the World,Rabindranath Tagore,3.83,5350,41.0
Staying On,Paul Scott,3.89,3927,41.0
Epitaph for a Spy,Eric Ambler,3.91,4697,41.0
Jimmy Corrigan: The Smartest Kid on Earth,Chris Ware,4.08,23996,40.0
Last Exit to Brooklyn,Hubert Selby Jr.,3.92,27288,40.0
The Asphalt Jungle,W.R. Burnett,3.93,2263,40.0
The Lonely Londoners,Sam Selvon,3.71,11309,39.0
The Three Sisters,May Sinclair,3.7,258,39.0
"All the Pretty Horses (The Border Trilogy, #1)",Cormac McCarthy,4.04,124167,39.0
The Naked and the Dead,Norman Mailer,3.94,25421,39.0
The Black Prince,Iris Murdoch,3.95,6020,38.0
Ascent,Jed Mercurio,3.78,571,38.0
Mary Barton,Elizabeth Gaskell,3.74,20022,38.0
Silence,Shūsaku Endō,4.09,34236,37.0
The Case of Comrade Tulayev,Victor Serge,4.11,1416,37.0
The Manchurian Candidate,Richard Condon,4.09,24406,37.0
Ingenious Pain,Andrew  Miller,3.71,1828,36.0
"Ratking (Aurelio Zen, #1)",Michael Dibdin,3.74,4960,36.0
Rickshaw Boy,Lao She,3.89,2342,36.0
"Sharpe's Eagle (Sharpe, #8)",Bernard Cornwell (Goodreads Author),4.29,15408,36.0
"Dead Lagoon (Aurelio Zen, #4)",Michael Dibdin,3.86,2207,36.0
The Man Who Loved Children,Christina Stead,3.57,4457,36.0
Barry Lyndon,William Makepeace Thackeray,3.63,2510,35.0
A Rich Full Death,Michael Dibdin,3.55,421,35.0
The Children of the New Forest,Frederick Marryat,3.88,5499,35.0
Mother London,Michael Moorcock,3.76,633,34.0
This Sporting Life,David Storey,3.61,523,33.0
The Crime of Father Amaro,Eça de Queirós,4.13,6678,33.0
Angel,Elizabeth Taylor,3.86,2632,33.0
The Cruel Sea,Nicholas Monsarrat,4.21,7683,33.0
The Bottle Factory Outing,Beryl Bainbridge,3.37,2296,32.0
The Red Room,August Strindberg,3.26,3821,32.0
Death in Summer,William Trevor,3.69,1119,32.0
"History (La Storia, #1-2)",Elsa Morante,4.28,6912,32.0
"The Big Nowhere (L.A. Quartet, #2)",James Ellroy,4.08,17435,31.0
Getaway,Jim Thompson,3.92,6784,31.0
Paz en la guerra,Miguel de Unamuno,3.36,94,31.0
The Sorrow of War,Bảo Ninh,4.07,9360,31.0
Thérèse Raquin,Émile Zola,3.73,32625,30.0
The Last Chronicle of Barset (Chronicles of Barsetshire #6),Anthony Trollope,4.18,6043,30.0
"Rabbit Novels: Rabbit, Run and Rabbit Redux",John Updike,3.99,1157,30.0
"The Neon Rain (Dave Robicheaux, #1)",James Lee Burke,3.92,26040,29.0
Wise Children,Angela Carter,3.91,8955,29.0
The King of Torts,John Grisham (Goodreads Author),3.72,86083,29.0
"Morvern Callar (Morvern Callar Cycle, #1)",Alan Warner,3.69,4256,29.0
"The Valley of Bones (A Dance to the Music of Time, #7)",Anthony Powell,4.11,888,29.0
"The Virgin in the Garden (The Frederica Quartet, #1)",A.S. Byatt,3.72,3442,28.0
Couples,John Updike,3.58,5528,28.0
Hangover Square,Patrick Hamilton,4.13,5163,28.0
The History of Mr. Polly,H.G. Wells,3.65,1916,28.0
"The Soldier's Art (A Dance to the Music of Time, #8)",Anthony Powell,4.2,865,28.0
The Poisoned Chocolates Case,Anthony Berkeley,3.77,3031,27.0
Z,Vassilis Vassilikos,4.03,1382,27.0
Black Sunday,Thomas  Harris,3.62,9016,27.0
Frost in May (Frost in May #1),Antonia White,3.85,2070,27.0
"The Military Philosophers (A Dance to the Music of Time, #9)",Anthony Powell,4.06,840,27.0
Tourist Season,Carl Hiaasen (Goodreads Author),3.92,22060,26.0
The Tree of Man,Patrick White,3.96,2015,26.0
The Adventures of Baron Münchausen,Rudolf Erich Raspe,3.81,7965,26.0
La Bête humaine,Émile Zola,4.04,11535,25.0
The Friends of Eddie Coyle,George V. Higgins,4.06,9446,25.0
"I'll Go to Bed at Noon (The Jones Trilogy, #2)",Gerard Woodward (Goodreads Author),3.73,539,25.0
The Devil to Pay in the Backlands,João Guimarães Rosa,4.6,5382,25.0
A Glastonbury Romance,John Cowper Powys,4.23,431,24.0
Crome Yellow,Aldous Huxley,3.42,8264,24.0
The Driver's Seat,Muriel Spark,3.61,9907,24.0
Master Georgie,Beryl Bainbridge,3.52,2299,24.0
The Hunters,James Salter,4.1,2275,24.0
Giovanni’s Room,James Baldwin,4.32,157162,23.0
An Ice-Cream War,William  Boyd,3.9,4049,22.0
Nightwood,Djuna Barnes,3.61,12871,22.0
Dirty Tricks,Michael Dibdin,3.63,539,21.0
"A Rage in Harlem (Harlem Cycle, #1)",Chester Himes,3.89,6678,21.0
52 Pickup,Elmore Leonard,3.95,8061,21.0
The Garden of the Finzi-Continis,Giorgio Bassani,3.78,12557,21.0
The Young Lions,Irwin Shaw,4.22,4237,21.0
"Death at the President's Lodging (Sir John Appleby, #1)",Michael Innes,3.56,1893,20.0
Love for Lydia,H.E. Bates,3.9,664,20.0
Castle Rackrent,Maria Edgeworth,3.17,4002,19.0
"The Pursuit of Love (Radlett & Montdore, #1)",Nancy Mitford,3.95,19635,19.0
"A Taste for Death (Adam Dalgliesh, #7)",P.D. James,4.02,15679,19.0
More Die of Heartbreak,Saul Bellow,3.71,1501,19.0
The Charterhouse of Parma,Stendhal,3.8,18189,19.0
Beauty and Sadness,Yasunari Kawabata,3.82,12732,18.0
The Death of the Heart,Elizabeth Bowen,3.65,8331,18.0
"The History Of Pompey The Little: Or, The Life And Adventures Of A Lap-dog",Francis Coventry,2.92,104,17.0
The Adventures of Peregrine Pickle,Tobias Smollett,3.41,752,17.0
The Heat of the Day,Elizabeth Bowen,3.4,2510,17.0
A Sentimental Journey,Laurence Sterne,3.32,6013,17.0
Bomber,Len Deighton,4.19,3032,16.0
"Get Shorty (Chili Palmer, #1)",Elmore Leonard,3.96,23590,16.0
Look at Me,Anita Brookner,3.95,2322,16.0
A Flag for Sunrise,Robert  Stone,3.86,1060,16.0
Headlong Hall,Thomas Love Peacock,3.36,163,15.0
Three Soldiers,John Dos Passos,3.56,1270,15.0
Tom Brown's Schooldays,Thomas Hughes,3.44,2802,15.0
Motherless Brooklyn,Jonathan Lethem,3.86,40961,15.0
Rubyfruit Jungle,Rita Mae Brown,3.92,42381,15.0
Sophie’s Choice,William Styron,4.17,91087,15.0
South Wind,Norman Douglas,3.64,297,14.0
The Unbearable Bassington,Saki,3.76,655,14.0
A Month in the Country,J.L. Carr,4.12,15992,14.0
Tobacco Road,Erskine Caldwell,3.71,15228,13.0
"Justine (The Alexandria Quartet, #1)",Lawrence Durrell,3.85,9137,13.0
Claudine at School,Colette,3.72,2437,13.0
"Men at Arms (Sword of Honour, #1)",Evelyn Waugh,3.91,3283,13.0
Millennium People,J.G. Ballard,3.37,2665,12.0
The Bamboo Bed,William Eastlake,3.65,43,12.0
A Quiet Belief in Angels,R.J. Ellory,3.84,6571,12.0
"Toxic Shock (V.I. Warshawski, #5)",Sara Paretsky (Goodreads Author),4.03,9917,12.0
The Princesse de Clèves,Madame de La Fayette,3.35,16216,12.0
The Insult,Rupert Thomson,3.58,1253,11.0
"Sybil, or the Two Nations",Benjamin Disraeli,3.3,1185,11.0
"Nineteen Seventy Four (Red Riding, #1)",David Peace,3.62,5740,11.0
The Parasites,Daphne du Maurier,3.72,2419,11.0
Parade's End,Ford Madox Ford,3.87,6614,10.0
A Heart So White,Javier Marías,4.01,14657,10.0
"The Hanging Garden (Inspector Rebus, #9)",Ian Rankin (Goodreads Author),4.09,13206,10.0
"Nineteen Seventy Seven (Red Riding, #2)",David Peace,3.85,3401,10.0
"The Big Blowdown (D.C. Quartet, #1)",George P. Pelecanos,4.03,2766,9.0
The Strange Boarders of Palace Crescent,E. Phillips Oppenheim,3.58,33,8.0
Hard Revolution (Derek Strange & Terry Quinn #4),George P. Pelecanos,3.97,2647,8.0
Lush Life,Richard Price,3.73,14360,7.0
Living,Henry Green,3.67,464,7.0
The Great Impersonation,E. Phillips Oppenheim,3.9,971,6.0
A Judgement in Stone,Ruth Rendell,3.9,7372,6.0
The Well of Loneliness,Radclyffe Hall,3.74,16926,6.0
The Woodlanders,Thomas Hardy,3.89,16604,6.0
Live Flesh,Ruth Rendell,3.75,1657,5.0
The Transit of Venus,Shirley Hazzard,4.0,4276,4.0
The Old Men at the Zoo,Angus Wilson,3.35,126,3.0
"The Case of the Gilded Fly (Gervase Fen, #1)",Edmund Crispin,3.52,3251,3.0
The Swimming-Pool Library,Alan Hollinghurst,3.73,10238,3.0
A Dark-Adapted Eye,Barbara Vine,3.93,9616,2.0
A Fatal Inversion,Barbara Vine,3.94,4491,1.0
